{
  "project_info": {
    "project_number": "640075341240",
    "project_id": "valwaste-app",
    "storage_bucket": "valwaste-app.appspot.com"
  },
  "client": [
    {
      "client_info": {
        "mobilesdk_app_id": "1:640075341240:android:a879284e21db889629034d",
        "android_client_info": {
          "package_name": "com.example.valwaste"
        }
      },
      "oauth_client": [
        {
          "client_id": "640075341240-8fubanadqp3nf12hf2qu0sjkjl93ml4t.apps.googleusercontent.com",
          "client_type": 3
        }
      ],
      "api_key": [
        {
          "current_key": "AIzaSyCxyjFaCGmhwk9DAn08WVg56Gyq9foRw8Q"
        }
      ],
      "services": {
        "appinvite_service": {
          "other_platform_oauth_client": [
            {
              "client_id": "640075341240-8fubanadqp3nf12hf2qu0sjkjl93ml4t.apps.googleusercontent.com",
              "client_type": 3
            }
          ]
        }
      }
    }
  ],
  "configuration_version": "1"
}